Group,Card,Number,Variant / Stamp,Source & Distribution,Status,Have,Image,Price Estimate
Base set,,,,,,,,
,Arena Kingpin,001/219,Regular,Common · Unit · Official Card Gallery,,0,https://cmsassets.rgpub.io/sanity/images/dsfx7636/game_data_live/db48f8c1da0e4f9804ae94398f0864859db0002a-744x1039.png,
,Baron Pit,T01,Token,Common · Battlefield · Official Card Gallery,,0,https://cmsassets.rgpub.io/sanity/images/dsfx7636/game_data_live/e44f173629322a4e0c32d3f8902c294d4482ef42-1039x744.png,
,Bird,T02,Token,Common · Unit · Official Card Gallery,,0,https://cmsassets.rgpub.io/sanity/images/dsfx7636/game_data_live/949a2e43263a9fe0d957595325c7e2ebe06bf85f-744x1039.png,
,Inferna,002/219,Regular,Common · Unit · Official Card Gallery,,0,https://cmsassets.rgpub.io/sanity/images/dsfx7636/game_data_live/5db9d66fc22887e8686a13ffdfe480106cbd3b35-744x1039.png,
,Brush,T03,Token,Common · Battlefield · Official Card Gallery,,0,https://cmsassets.rgpub.io/sanity/images/dsfx7636/game_data_live/fad09d6bd9bf38e376f430ecb0b400762420d061-1039x744.png,
,Mischievous Marai,003/219,Regular,Common · Unit · Official Card Gallery,,0,https://cmsassets.rgpub.io/sanity/images/dsfx7636/game_data_live/fb2e82cca7aa93c857ed1fe54de7344016779520-744x1039.png,
,Buff,T04,Token,Common · Token · Official Card Gallery,,0,https://cmsassets.rgpub.io/sanity/images/dsfx7636/game_data_live/64b9df938587aa93a3d0769a349d9b0cc6942dc2-744x1039.png,
,Prepared Neophyte,004/219,Regular,Common · Unit · Official Card Gallery,,0,https://cmsassets.rgpub.io/sanity/images/dsfx7636/game_data_live/ad993e451437950e56935a7ecff44fea09e522b2-744x1039.png,
,Gold,T05,Token,Common · Gear · Official Card Gallery,,0,https://cmsassets.rgpub.io/sanity/images/dsfx7636/game_data_live/e566605fa989e12e91cd3d3e0b7985f7a8be8e74-744x1039.png,
,Revna the Lorekeeper,005/219,Regular,Common · Unit · Official Card Gallery,,0,https://cmsassets.rgpub.io/sanity/images/dsfx7636/game_data_live/8e251eed411d614de504480181b357df3f78b133-744x1039.png,
,Reflection,T06,Token,Common · Unit · Official Card Gallery,,0,https://cmsassets.rgpub.io/sanity/images/dsfx7636/game_data_live/80327b196c59841a67a65327974a93223a3c541a-744x1039.png,
,Sharkling,006/219,Regular,Common · Unit · Official Card Gallery,,0,https://cmsassets.rgpub.io/sanity/images/dsfx7636/game_data_live/f2aa213fe1e54d0d6f1507c7ed8829c8ba2bc610-744x1039.png,
,Smite,007/219,Regular,Common · Spell · Official Card Gallery,,0,https://cmsassets.rgpub.io/sanity/images/dsfx7636/game_data_live/f46252e8c65a2eb3f476ea51f214af7651d0622d-744x1039.png,
,Sprite,T07,Token,Common · Unit · Official Card Gallery,,0,https://cmsassets.rgpub.io/sanity/images/dsfx7636/game_data_live/1a90578f055e01515ebfb069dc3dbdba08d24da0-744x1039.png,
,Towering Pairofant,008/219,Regular,Common · Unit · Official Card Gallery,,0,https://cmsassets.rgpub.io/sanity/images/dsfx7636/game_data_live/47ac3971efe67f7910771709b8bb9a5df5b63952-744x1039.png,
,XP Tracker,T08,Token,Common · Token · Official Card Gallery,,0,https://cmsassets.rgpub.io/sanity/images/dsfx7636/game_data_live/715d5bb52fc8ce0886b28f1c15fe89457e504fc9-744x1039.png,
,Upstage Comedy,009/219,Regular,Common · Spell · Official Card Gallery,,0,https://cmsassets.rgpub.io/sanity/images/dsfx7636/game_data_live/4a636fcd682b32b41a4886c7383e781414139adb-744x1039.png,
,Vault Breaker,010/219,Regular,Common · Spell · Official Card Gallery,,0,https://cmsassets.rgpub.io/sanity/images/dsfx7636/game_data_live/8046c9f133be83268d7dc9788abea58f461914d8-744x1039.png,
,Fresh Beans,011/219,Regular,Uncommon · Gear · Official Card Gallery,,0,https://cmsassets.rgpub.io/sanity/images/dsfx7636/game_data_live/1737d7d02cd0619a520aba258d1b40fdbb5d1129-744x1039.png,
,Lord Broadmane,012/219,Regular,Uncommon · Unit · Official Card Gallery,,0,https://cmsassets.rgpub.io/sanity/images/dsfx7636/game_data_live/f564001228383a27372c0ddc4d8c0ed4e4843dc7-744x1039.png,
,Lotus Trap,013/219,Regular,Uncommon · Spell · Official Card Gallery,,0,https://cmsassets.rgpub.io/sanity/images/dsfx7636/game_data_live/9490f8c80da1bf4467e14c39b66ae4262e5f7f7b-744x1039.png,
,Monster Harpoon,014/219,Regular,Uncommon · Spell · Official Card Gallery,,0,https://cmsassets.rgpub.io/sanity/images/dsfx7636/game_data_live/ed51ed36ad0938048ee50894d75d299c29d17759-744x1039.png,
,Right of Conquest,015/219,Regular,Uncommon · Spell · Official Card Gallery,,0,https://cmsassets.rgpub.io/sanity/images/dsfx7636/game_data_live/2467e43f316e8700ad43b66e3b5d490f3f9d3cea-744x1039.png,
,Scorchclaw,016/219,Regular,Uncommon · Unit · Official Card Gallery,,0,https://cmsassets.rgpub.io/sanity/images/dsfx7636/game_data_live/f69940824f8ce62a479df28988dcbdf6ea6d3960-744x1039.png,
,Square Up,017/219,Regular,Uncommon · Spell · Official Card Gallery,,0,https://cmsassets.rgpub.io/sanity/images/dsfx7636/game_data_live/5e14c09db2f064e5f6986f500a04335d73d459dd-744x1039.png,
,Yeti Brawler,018/219,Regular,Uncommon · Unit · Official Card Gallery,,0,https://cmsassets.rgpub.io/sanity/images/dsfx7636/game_data_live/38b59ae384ef6df8c94d5c51418101b2630b43a7-744x1039.png,
,Blighted Battleaxe,019/219,Regular,Rare · Gear · Official Card Gallery,,0,https://cmsassets.rgpub.io/sanity/images/dsfx7636/game_data_live/a6425462180dc6bc3396397cd491c0abae58f616-744x1039.png,
,Dancing Grenade,020/219,Regular,Rare · Spell · Official Card Gallery,,0,https://cmsassets.rgpub.io/sanity/images/dsfx7636/game_data_live/8afc30b1bc7cc1841dfe11cfa29adbcc02257845-744x1039.png,
,Grim Apothecary,021/219,Regular,Rare · Unit · Official Card Gallery,,0,https://cmsassets.rgpub.io/sanity/images/dsfx7636/game_data_live/af548bbfc856e306c5feefb34eb6bd9a4e442904-744x1039.png,
,"Jhin, Murderous Artist",022a/219,Alternate art,Rare · Unit · Official Card Gallery,,0,https://cmsassets.rgpub.io/sanity/images/dsfx7636/game_data_live/0e67164270e12b8d91905e977a314c7248a343e9-744x1039.png,
,"Jhin, Murderous Artist",022/219,Regular,Rare · Unit · Official Card Gallery,,0,https://cmsassets.rgpub.io/sanity/images/dsfx7636/game_data_live/8da724a842cf61cb24c3c02dd99adc93a9222e06-744x1039.png,
,"Katarina, Reckless",023/219,Regular,Rare · Unit · Official Card Gallery,,0,https://cmsassets.rgpub.io/sanity/images/dsfx7636/game_data_live/12da73cb78a9cfa052749f317ed56a27106908c6-744x1039.png,
,"Rengar, Unseen",024/219,Regular,Rare · Unit · Official Card Gallery,,0,https://cmsassets.rgpub.io/sanity/images/dsfx7636/game_data_live/80c7d1c62301dd6e3ced910156f3fdeb8d34a621-744x1039.png,
,"Rengar, Unseen",024a/219,Alternate art,Rare · Unit · Official Card Gallery,,0,https://cmsassets.rgpub.io/sanity/images/dsfx7636/game_data_live/cdab60d27d6d920f19ebed000b13dc25a439848c-744x1039.png,
,Undying Legion,025/219,Regular,Rare · Unit · Official Card Gallery,,0,https://cmsassets.rgpub.io/sanity/images/dsfx7636/game_data_live/3a6955daff2982e0ba4417533052d5ea334232fb-744x1039.png,
,"Xerath, Freed",026/219,Regular,Rare · Unit · Official Card Gallery,,0,https://cmsassets.rgpub.io/sanity/images/dsfx7636/game_data_live/ef52e66a137a80cf5df862f31a114bfc00914a93-744x1039.png,
,Inviolus Vox,027/219,Regular,Epic · Unit · Official Card Gallery,,0,https://cmsassets.rgpub.io/sanity/images/dsfx7636/game_data_live/9b742ef3dc17f5da03d41e3349839037183b5ea9-744x1039.png,
,"Pyke, Dockside Butcher",028a/219,Alternate art,Epic · Unit · Official Card Gallery,,0,https://cmsassets.rgpub.io/sanity/images/dsfx7636/game_data_live/583f1c15c1bdc47c9d4ebb41a210c182262c8ee9-744x1039.png,
,"Pyke, Dockside Butcher",028/219,Regular,Epic · Unit · Official Card Gallery,,0,https://cmsassets.rgpub.io/sanity/images/dsfx7636/game_data_live/e0ce05148d7368070bcc8c0a43f66ece0834653a-744x1039.png,
,Red Brambleback,029a/219,Alternate art,Epic · Unit · Official Card Gallery,,0,https://cmsassets.rgpub.io/sanity/images/dsfx7636/game_data_live/69d4208b748074b68f775cdfa8f1d2ba20ece8ae-744x1039.png,
,Red Brambleback,029/219,Regular,Epic · Unit · Official Card Gallery,,0,https://cmsassets.rgpub.io/sanity/images/dsfx7636/game_data_live/14e9d009985f6a0d8ab63416aee7570ede42c657-744x1039.png,
,"Vi, Hotheaded",030/219,Regular,Epic · Unit · Official Card Gallery,,0,https://cmsassets.rgpub.io/sanity/images/dsfx7636/game_data_live/03a55e8d494d7efe20da792365161f5c43c20779-744x1039.png,
,"Vi, Hotheaded",030a/219,Alternate art,Epic · Unit · Official Card Gallery,,0,https://cmsassets.rgpub.io/sanity/images/dsfx7636/game_data_live/646df8e81d42025a558112775fc1032c86cab2d0-744x1039.png,
,Combat Experience,031/219,Regular,Common · Spell · Official Card Gallery,,0,https://cmsassets.rgpub.io/sanity/images/dsfx7636/game_data_live/537b66b5f0259f80bf25b1aafb78558f4db6886a-744x1039.png,
,Double Trouble,032/219,Regular,Common · Spell · Official Card Gallery,,0,https://cmsassets.rgpub.io/sanity/images/dsfx7636/game_data_live/64e977213f50471ad7b6e8664488fb9017693f71-744x1039.png,
,Frisky Hunter,033/219,Regular,Common · Unit · Official Card Gallery,,0,https://cmsassets.rgpub.io/sanity/images/dsfx7636/game_data_live/6bf8978ca42fa50a60067e74364b3caf78b3e928-744x1039.png,
,Herald of Spring,034/219,Regular,Common · Unit · Official Card Gallery,,0,https://cmsassets.rgpub.io/sanity/images/dsfx7636/game_data_live/5bf7ba27b809d22296deb755b6f5324ac46a5a20-744x1039.png,
,Monch,035/219,Regular,Common · Unit · Official Card Gallery,,0,https://cmsassets.rgpub.io/sanity/images/dsfx7636/game_data_live/ef10724add3b6d9e69415cb194e895f6ea9969b7-744x1039.png,
,Mutated Mouser,036/219,Regular,Common · Unit · Official Card Gallery,,0,https://cmsassets.rgpub.io/sanity/images/dsfx7636/game_data_live/20276519677a4d1ebe230aaad7692588e1e8d046-744x1039.png,
,Shadow Watcher,037/219,Regular,Common · Unit · Official Card Gallery,,0,https://cmsassets.rgpub.io/sanity/images/dsfx7636/game_data_live/f6f5ff413efc57d7948b4b9a46a4bba6eebd39d2-744x1039.png,
,Skyward Strike,038/219,Regular,Common · Spell · Official Card Gallery,,0,https://cmsassets.rgpub.io/sanity/images/dsfx7636/game_data_live/998740e590fec024f204ad26ed7e2dad2a0c8d66-744x1039.png,
,Soul Sword,039/219,Regular,Common · Gear · Official Card Gallery,,0,https://cmsassets.rgpub.io/sanity/images/dsfx7636/game_data_live/519361230cb8554cdf0f5dd795e115ffbb5bb932-744x1039.png,
,Wuju Apprentice,040/219,Regular,Common · Unit · Official Card Gallery,,0,https://cmsassets.rgpub.io/sanity/images/dsfx7636/game_data_live/543789dd1b4b2654392a151d4bb1b0c6263c47dc-744x1039.png,
,"Allay, Eager Admirer",041/219,Regular,Uncommon · Unit · Official Card Gallery,,0,https://cmsassets.rgpub.io/sanity/images/dsfx7636/game_data_live/bf1045b559b20d3e86383a07de54cd1893e5a94b-744x1039.png,
,Back Off,042/219,Regular,Uncommon · Spell · Official Card Gallery,,0,https://cmsassets.rgpub.io/sanity/images/dsfx7636/game_data_live/a0e7f7fa55ae618f94fe48920f92406ddd7e3512-744x1039.png,
,Enthusiastic Promoter,043/219,Regular,Uncommon · Unit · Official Card Gallery,,0,https://cmsassets.rgpub.io/sanity/images/dsfx7636/game_data_live/c03bdc371440cbf6de773b0b39010808bfdecea1-744x1039.png,
,Flurry of Feathers,044/219,Regular,Uncommon · Spell · Official Card Gallery,,0,https://cmsassets.rgpub.io/sanity/images/dsfx7636/game_data_live/77bd864b29f4975868e557e31a39b94d06a4ecb2-744x1039.png,
,Forgotten Signpost,045/219,Regular,Uncommon · Gear · Official Card Gallery,,0,https://cmsassets.rgpub.io/sanity/images/dsfx7636/game_data_live/edf248974d1d97ff5ff1c6745f663fa059dbc82d-744x1039.png,
,Friendship,046/219,Regular,Uncommon · Spell · Official Card Gallery,,0,https://cmsassets.rgpub.io/sanity/images/dsfx7636/game_data_live/4a1a08ec8c23a2663babd2fc683481888347407a-744x1039.png,
,Mosstomper,047/219,Regular,Uncommon · Unit · Official Card Gallery,,0,https://cmsassets.rgpub.io/sanity/images/dsfx7636/game_data_live/0ea32d0f6f49c0b48b1ea2cc98fe0a3c540bc9db-744x1039.png,
,Trevor Snoozebottom,048/219,Regular,Uncommon · Unit · Official Card Gallery,,0,https://cmsassets.rgpub.io/sanity/images/dsfx7636/game_data_live/fa843ee80d1a35416d61482bc1602279955a2c7f-744x1039.png,
,Honeyfruit,049/219,Regular,Rare · Gear · Official Card Gallery,,0,https://cmsassets.rgpub.io/sanity/images/dsfx7636/game_data_live/4794052d16d88b12861b348a466673ace098c32e-744x1039.png,
,Iascylla,050/219,Regular,Rare · Unit · Official Card Gallery,,0,https://cmsassets.rgpub.io/sanity/images/dsfx7636/game_data_live/debdbfa22e4e75822fe1fbf0e7ab14bccbbdf191-744x1039.png,
,"Ivern, Nurturer",051a/219,Alternate art,Rare · Unit · Official Card Gallery,,0,https://cmsassets.rgpub.io/sanity/images/dsfx7636/game_data_live/4564b2f80dd53a8bcbca1633eb1ef69455692c58-744x1039.png,
,"Ivern, Nurturer",051/219,Regular,Rare · Unit · Official Card Gallery,,0,https://cmsassets.rgpub.io/sanity/images/dsfx7636/game_data_live/a72b08dd57422d3441df88eb61c000cdb4ac688a-744x1039.png,
,"Nami, Headstrong",052/219,Regular,Rare · Unit · Official Card Gallery,,1,https://cmsassets.rgpub.io/sanity/images/dsfx7636/game_data_live/c65521065700f308689608fc6c4fa8963f3264c0-744x1039.png,
,Scuttle Crab,053/219,Regular,Rare · Unit · Official Card Gallery,,0,https://cmsassets.rgpub.io/sanity/images/dsfx7636/game_data_live/8c9a251b2deb21716fba0ac83c6aac96563fa19d-744x1039.png,
,Tricksy Tentacles,054/219,Regular,Rare · Spell · Official Card Gallery,,0,https://cmsassets.rgpub.io/sanity/images/dsfx7636/game_data_live/7e1e77df44c076599fa780f7fd01a4550f67af45-744x1039.png,
,"Vex, Mocking",055/219,Regular,Rare · Unit · Official Card Gallery,,0,https://cmsassets.rgpub.io/sanity/images/dsfx7636/game_data_live/ed2c20de6ceb7ff23f62ccb28a49fd305c5b15b7-744x1039.png,
,"Vex, Mocking",055a/219,Alternate art,Rare · Unit · Official Card Gallery,,0,https://cmsassets.rgpub.io/sanity/images/dsfx7636/game_data_live/9594ce4be31689c364a43954a541c4391fe0d4f3-744x1039.png,
,"Yuumi, Magical Cat",056/219,Regular,Rare · Unit · Official Card Gallery,,0,https://cmsassets.rgpub.io/sanity/images/dsfx7636/game_data_live/588ddfeb01ab7b37110d8a7e656cf9f35530ce4e-744x1039.png,
,Alpha Wildclaw,057/219,Regular,Epic · Unit · Official Card Gallery,,0,https://cmsassets.rgpub.io/sanity/images/dsfx7636/game_data_live/39ec974dae18bf82fcc18a95044d8df04cc14d3c-744x1039.png,
,"Lillia, Protector of Dreams",058a/219,Alternate art,Epic · Unit · Official Card Gallery,,0,https://cmsassets.rgpub.io/sanity/images/dsfx7636/game_data_live/92cdae8b6bfef70d0a38761f1dc4aa771a37753a-744x1039.png,
,"Lillia, Protector of Dreams",058/219,Regular,Epic · Unit · Official Card Gallery,,0,https://cmsassets.rgpub.io/sanity/images/dsfx7636/game_data_live/daa5fe15e0a1c14c8dbb8f858d8a6d444ea6096e-744x1039.png,
,"Master Yi, Unstoppable",059/219,Regular,Epic · Unit · Official Card Gallery,,0,https://cmsassets.rgpub.io/sanity/images/dsfx7636/game_data_live/8a6d46d701eebaff0850a5b7400816517006d7e9-744x1039.png,
,"Master Yi, Unstoppable",059a/219,Alternate art,Epic · Unit · Official Card Gallery,,0,https://cmsassets.rgpub.io/sanity/images/dsfx7636/game_data_live/cb53c3b70820fca73540223addbe5369b5267e15-744x1039.png,
,Vilemaw,060/219,Regular,Epic · Unit · Official Card Gallery,,0,https://cmsassets.rgpub.io/sanity/images/dsfx7636/game_data_live/cb6dde0284f9ef84cbc9c0f07d2e7aac2fe6f919-744x1039.png,
,Vilemaw,060a/219,Alternate art,Epic · Unit · Official Card Gallery,,0,https://cmsassets.rgpub.io/sanity/images/dsfx7636/game_data_live/229efda03d93b27741b8f9e86e1151b5c2a5095f-744x1039.png,
,Downstage Dramatics,061/219,Regular,Common · Spell · Official Card Gallery,,0,https://cmsassets.rgpub.io/sanity/images/dsfx7636/game_data_live/d76418eabcddbea148f3331913223b79a39aabda-744x1039.png,
,Dramatic Visionary,062/219,Regular,Common · Unit · Official Card Gallery,,0,https://cmsassets.rgpub.io/sanity/images/dsfx7636/game_data_live/3153c05a8c3fb4d8f945a95fad54ea25e087ad47-744x1039.png,
,Eclipse,063/219,Regular,Common · Spell · Official Card Gallery,,0,https://cmsassets.rgpub.io/sanity/images/dsfx7636/game_data_live/9fcef3d1d7de3c219aabcab88d0550c9d8cd4311-744x1039.png,
,Fate Weaver,064/219,Regular,Common · Unit · Official Card Gallery,,0,https://cmsassets.rgpub.io/sanity/images/dsfx7636/game_data_live/ab713d332b48a7526585b0be3718fea9e9f93622-744x1039.png,
,Icevale Archer,065/219,Regular,Common · Unit · Official Card Gallery,,0,https://cmsassets.rgpub.io/sanity/images/dsfx7636/game_data_live/c14db2ae064ccee80d8ec373f9fe9b4f44776e3e-744x1039.png,
,Moonlight Affliction,066/219,Regular,Common · Spell · Official Card Gallery,,0,https://cmsassets.rgpub.io/sanity/images/dsfx7636/game_data_live/8f75280599fdb4d3b6191cf8e8443aadf33ad11e-744x1039.png,
,Ruined Rex,067/219,Regular,Common · Unit · Official Card Gallery,,0,https://cmsassets.rgpub.io/sanity/images/dsfx7636/game_data_live/05fc9613bd3a3c3c5002ff1d7d665b37fd18dcb7-744x1039.png,
,Spectral Centaur,068/219,Regular,Common · Unit · Official Card Gallery,,0,https://cmsassets.rgpub.io/sanity/images/dsfx7636/game_data_live/60fb267f2d0cd16714d35a0eefd0d5864304102b-744x1039.png,
,Sprite Burst,069/219,Regular,Common · Spell · Official Card Gallery,,0,https://cmsassets.rgpub.io/sanity/images/dsfx7636/game_data_live/4427ceffae1c3e7b012167461ce7c080bb2c1fe4-744x1039.png,
,Turn to Dust,070/219,Regular,Common · Spell · Official Card Gallery,,0,https://cmsassets.rgpub.io/sanity/images/dsfx7636/game_data_live/4986c0c2fea96d9a88d736789d604374a64d03fb-744x1039.png,
,Chakram Dancer,071/219,Regular,Uncommon · Unit · Official Card Gallery,,0,https://cmsassets.rgpub.io/sanity/images/dsfx7636/game_data_live/29abe06f1c16a9eed622a5060330116268b73b8c-744x1039.png,
,Crescent Strike,072/219,Regular,Uncommon · Spell · Official Card Gallery,,0,https://cmsassets.rgpub.io/sanity/images/dsfx7636/game_data_live/34ab7eff1eb8833ab8b9978eac18c4fb18b1ac81-744x1039.png,
,Deadly Flourish,073/219,Regular,Uncommon · Spell · Official Card Gallery,,0,https://cmsassets.rgpub.io/sanity/images/dsfx7636/game_data_live/81195df7122beaba38ebc8b8212ceb0e7593afe9-744x1039.png,
,Frigid Jewel,074/219,Regular,Uncommon · Gear · Official Card Gallery,,0,https://cmsassets.rgpub.io/sanity/images/dsfx7636/game_data_live/f1a6c28649bf4478b4728379b6d548058739f0e9-744x1039.png,
,Gustwalker,075/219,Regular,Uncommon · Unit · Official Card Gallery,,0,https://cmsassets.rgpub.io/sanity/images/dsfx7636/game_data_live/3f314cea0c05d2ea274a81d723299e4e20b2ebde-744x1039.png,
,Petal Pixie,076/219,Regular,Uncommon · Unit · Official Card Gallery,,0,https://cmsassets.rgpub.io/sanity/images/dsfx7636/game_data_live/68189fb5a6b3193e8925969ac0c545bc78b210c9-744x1039.png,
,Soul Shepherd,077/219,Regular,Uncommon · Unit · Official Card Gallery,,0,https://cmsassets.rgpub.io/sanity/images/dsfx7636/game_data_live/cb2a157e715ef103e688e094c21f772003775e45-744x1039.png,
,Sprite Fountain,078/219,Regular,Uncommon · Gear · Official Card Gallery,,0,https://cmsassets.rgpub.io/sanity/images/dsfx7636/game_data_live/fcb3ea3e8f829b8dc845fbf49080552d635bb47b-744x1039.png,
,"Diana, Lunari",079/219,Regular,Rare · Unit · Official Card Gallery,,0,https://cmsassets.rgpub.io/sanity/images/dsfx7636/game_data_live/3e284397713abb21d2c8d9b85202ab65d21689e9-744x1039.png,
,"Diana, Lunari",079a/219,Alternate art,Rare · Unit · Official Card Gallery,,0,https://cmsassets.rgpub.io/sanity/images/dsfx7636/game_data_live/f538c2659c02af20a173503784989e39a0c291f6-744x1039.png,
,"Hwei, Brooding Painter",080/219,Regular,Rare · Unit · Official Card Gallery,,0,https://cmsassets.rgpub.io/sanity/images/dsfx7636/game_data_live/ddbb13ba5617cc443b9a3a51485b1697da570121-744x1039.png,
,Keeper of Masks,081/219,Regular,Rare · Unit · Official Card Gallery,,0,https://cmsassets.rgpub.io/sanity/images/dsfx7636/game_data_live/67606d98bd3d8816e686dacacb91a56627d4b5f5-744x1039.png,
,"Lillia, Fae Fawn",082/219,Regular,Rare · Unit · Official Card Gallery,,0,https://cmsassets.rgpub.io/sanity/images/dsfx7636/game_data_live/65d0af5361b335a7e65c7aa03a099fc0de3431e6-744x1039.png,
,"Lillia, Fae Fawn",082a/219,Alternate art,Rare · Unit · Official Card Gallery,,0,https://cmsassets.rgpub.io/sanity/images/dsfx7636/game_data_live/b06072002316a5b86f11750bbe21e9dfb94be08d-744x1039.png,
,Smoke and Mirrors,083/219,Regular,Rare · Spell · Official Card Gallery,,0,https://cmsassets.rgpub.io/sanity/images/dsfx7636/game_data_live/38886634ee8646707d9c26020f977f14c934a4c0-744x1039.png,
,Sprite Queen,084/219,Regular,Rare · Unit · Official Card Gallery,,0,https://cmsassets.rgpub.io/sanity/images/dsfx7636/game_data_live/64b7debe0dd3d7b644f627eba562187bc45dd313-744x1039.png,
,Sumpworks Map,085/219,Regular,Rare · Gear · Official Card Gallery,,0,https://cmsassets.rgpub.io/sanity/images/dsfx7636/game_data_live/87c3d5007aa3c3e2c4ff3d5bf78a92a2bee58db3-744x1039.png,
,"Zilean, Time Mage",086/219,Regular,Rare · Unit · Official Card Gallery,,0,https://cmsassets.rgpub.io/sanity/images/dsfx7636/game_data_live/2a3165b43bd9878c0eb519bc25d370064aacac35-744x1039.png,
,Blue Sentinel,087a/219,Alternate art,Epic · Unit · Official Card Gallery,,0,https://cmsassets.rgpub.io/sanity/images/dsfx7636/game_data_live/d6c05e13dfb9ce38cc4d829d33acaf1560abe62a-744x1039.png,
,Blue Sentinel,087/219,Regular,Epic · Unit · Official Card Gallery,,0,https://cmsassets.rgpub.io/sanity/images/dsfx7636/game_data_live/bec7e8f108fac2d9c94db01c85cf143133d13325-744x1039.png,
,Gutter Palace,088/219,Regular,Epic · Gear · Official Card Gallery,,0,https://cmsassets.rgpub.io/sanity/images/dsfx7636/game_data_live/f1addf7bb3925871cbcf4615f5a449dc61f762da-744x1039.png,
,"Jhin, Meticulous Killer",089a/219,Alternate art,Epic · Unit · Official Card Gallery,,0,https://cmsassets.rgpub.io/sanity/images/dsfx7636/game_data_live/992e0a23ba7ad3fe88410f023bb1311195e1863a-744x1039.png,
,"Jhin, Meticulous Killer",089/219,Regular,Epic · Unit · Official Card Gallery,,0,https://cmsassets.rgpub.io/sanity/images/dsfx7636/game_data_live/88fb6023ee9bd90fef3f36995ca27615dcd669f7-744x1039.png,
,"LeBlanc, Everywhere at Once",090a/219,Alternate art,Epic · Unit · Official Card Gallery,,0,https://cmsassets.rgpub.io/sanity/images/dsfx7636/game_data_live/0850c122c2528fadab0fa95ae1fd329288208afe-744x1039.png,
,"LeBlanc, Everywhere at Once",090/219,Regular,Epic · Unit · Official Card Gallery,,0,https://cmsassets.rgpub.io/sanity/images/dsfx7636/game_data_live/a0389576206b1e750a0852c6ff46efd2646d47da-744x1039.png,
,Concentrate,091/219,Regular,Common · Spell · Official Card Gallery,,0,https://cmsassets.rgpub.io/sanity/images/dsfx7636/game_data_live/5e032420b6dcbdd96dca122b4d7875868feb82ed-744x1039.png,
,Demacian Diplomat,092/219,Regular,Common · Unit · Official Card Gallery,,0,https://cmsassets.rgpub.io/sanity/images/dsfx7636/game_data_live/dabc873f161248d3c959932ee54b5cf550c471b9-744x1039.png,
,Dragonsoul Sage,093/219,Regular,Common · Unit · Official Card Gallery,,0,https://cmsassets.rgpub.io/sanity/images/dsfx7636/game_data_live/2065a3b0fef9779fed8a3d42202606a31acf59ff-744x1039.png,
,Gemhand Hunter,094/219,Regular,Common · Unit · Official Card Gallery,,0,https://cmsassets.rgpub.io/sanity/images/dsfx7636/game_data_live/d824d666dc5f50c3c513c3f9722f6eafe21c6289-744x1039.png,
,Grim Resolve,095/219,Regular,Common · Spell · Official Card Gallery,,0,https://cmsassets.rgpub.io/sanity/images/dsfx7636/game_data_live/4705a4ef2589f2a82021f1b70dcdb7e289a88fdf-744x1039.png,
,Hunter's Machete,096/219,Regular,Common · Gear · Official Card Gallery,,0,https://cmsassets.rgpub.io/sanity/images/dsfx7636/game_data_live/374fd9220c204810c2b1abd48217b4d233362753-744x1039.png,
,Kinkou Initiate,097/219,Regular,Common · Unit · Official Card Gallery,,0,https://cmsassets.rgpub.io/sanity/images/dsfx7636/game_data_live/358c56479ff4a02df622827092265fe4e8373fc2-744x1039.png,
,Targonian Visionary,098/219,Regular,Common · Unit · Official Card Gallery,,0,https://cmsassets.rgpub.io/sanity/images/dsfx7636/game_data_live/fe645cecdd1f251218f5bf33225cde6c1e12b67e-744x1039.png,
,Towering Combatant,099/219,Regular,Common · Unit · Official Card Gallery,,0,https://cmsassets.rgpub.io/sanity/images/dsfx7636/game_data_live/2a2eefa9b85684489e97870145eb2f94b20b60ed-744x1039.png,
,Voracious Gromp,100/219,Regular,Common · Unit · Official Card Gallery,,0,https://cmsassets.rgpub.io/sanity/images/dsfx7636/game_data_live/3c006b8c9aa4581ad90c258cc6cfac9098d3c296-744x1039.png,
,Call to Battle,101/219,Regular,Uncommon · Spell · Official Card Gallery,,0,https://cmsassets.rgpub.io/sanity/images/dsfx7636/game_data_live/3c7e0f93c72654f786f5df37895c6e95fa9d4d60-744x1039.png,
,Crowd Favorite,102/219,Regular,Uncommon · Unit · Official Card Gallery,,0,https://cmsassets.rgpub.io/sanity/images/dsfx7636/game_data_live/0031569ff123a8317e1be753f0bd895501bf838b-744x1039.png,
,Disposal Order,103/219,Regular,Uncommon · Spell · Official Card Gallery,,0,https://cmsassets.rgpub.io/sanity/images/dsfx7636/game_data_live/de7b7c683f16a297418bc9a326178c520f17ef2b-744x1039.png,
,Gentle Gemdragon,104/219,Regular,Uncommon · Unit · Official Card Gallery,,0,https://cmsassets.rgpub.io/sanity/images/dsfx7636/game_data_live/65fcaff267b7f27cbda09ad23f2449188195d28e-744x1039.png,
,Imposing Challenger,105/219,Regular,Uncommon · Unit · Official Card Gallery,,0,https://cmsassets.rgpub.io/sanity/images/dsfx7636/game_data_live/01596f6039ef5618fae686e1c7df291e1c570fc3-744x1039.png,
,Repulse,106/219,Regular,Uncommon · Spell · Official Card Gallery,,0,https://cmsassets.rgpub.io/sanity/images/dsfx7636/game_data_live/ca56ad44ec24db67e10a4ee18f5c7f3756c83d94-744x1039.png,
,Stare Down,107/219,Regular,Uncommon · Spell · Official Card Gallery,,0,https://cmsassets.rgpub.io/sanity/images/dsfx7636/game_data_live/58d0353a966bb0ca292855a0a55de5769e28d155-744x1039.png,
,Wily Newtfish,108/219,Regular,Uncommon · Unit · Official Card Gallery,,0,https://cmsassets.rgpub.io/sanity/images/dsfx7636/game_data_live/4a0b0ebe9f47dadeb3b5f0520ec566a528df9c94-744x1039.png,
,Blood Rose,109/219,Regular,Rare · Gear · Official Card Gallery,,0,https://cmsassets.rgpub.io/sanity/images/dsfx7636/game_data_live/64067ebdbe3140e9a458da7ecf7253a5fae9a31b-744x1039.png,
,Clash of Giants,110/219,Regular,Rare · Spell · Official Card Gallery,,0,https://cmsassets.rgpub.io/sanity/images/dsfx7636/game_data_live/afe7cbde874003db673925275a13614d5f35266b-744x1039.png,
,Determined Sentry,111/219,Regular,Rare · Unit · Official Card Gallery,,0,https://cmsassets.rgpub.io/sanity/images/dsfx7636/game_data_live/b491c050b8505c52000c5ad7bb5a0b7855fa4ad1-744x1039.png,
,Irresistible Faefolk,112/219,Regular,Rare · Unit · Official Card Gallery,,0,https://cmsassets.rgpub.io/sanity/images/dsfx7636/game_data_live/6834e4b00a22dd6d7476d36884b43cf59b60c611-744x1039.png,
,"Master Yi, Tempered",113/219,Regular,Rare · Unit · Official Card Gallery,,0,https://cmsassets.rgpub.io/sanity/images/dsfx7636/game_data_live/a21feb3555825392fdb98f868840db3827ad0389-744x1039.png,
,"Master Yi, Tempered",113a/219,Alternate art,Rare · Unit · Official Card Gallery,,0,https://cmsassets.rgpub.io/sanity/images/dsfx7636/game_data_live/1adb032501aac0070ea1bb0ca31c4efa11cd31a3-744x1039.png,
,"Nidalee, Cat Form",114/219,Regular,Rare · Unit · Official Card Gallery,,0,https://cmsassets.rgpub.io/sanity/images/dsfx7636/game_data_live/0e51e39dfe4f922b2c8c9bff785d170350e9b803-744x1039.png,
,"Nilah, Joyful Ascetic",115/219,Regular,Rare · Unit · Official Card Gallery,,0,https://cmsassets.rgpub.io/sanity/images/dsfx7636/game_data_live/6138c519310f917461e09d90fe3f2a9480914947-744x1039.png,
,"Poppy, Paragon",116/219,Regular,Rare · Unit · Official Card Gallery,,0,https://cmsassets.rgpub.io/sanity/images/dsfx7636/game_data_live/ef8a8434e1a4c4262dd97213741a4b126cb1449b-744x1039.png,
,"Poppy, Paragon",116a/219,Alternate art,Rare · Unit · Official Card Gallery,,0,https://cmsassets.rgpub.io/sanity/images/dsfx7636/game_data_live/c0efda4bdfea473f7b9f3fb4ba482990795283a4-744x1039.png,
,Arachnoid Horror,117/219,Regular,Epic · Unit · Official Card Gallery,,0,https://cmsassets.rgpub.io/sanity/images/dsfx7636/game_data_live/ae2ec829a6714ac75e8b203631af08c0c1e1565f-744x1039.png,
,Elder Dragon,118/219,Regular,Epic · Unit · Official Card Gallery,,0,https://cmsassets.rgpub.io/sanity/images/dsfx7636/game_data_live/fcf578e447d4e2785c8b25f3c39928b98e7b44ca-744x1039.png,
,Elder Dragon,118a/219,Alternate art,Epic · Unit · Official Card Gallery,,0,https://cmsassets.rgpub.io/sanity/images/dsfx7636/game_data_live/42d3ce7a0917d57fd9e5809f4d8b66ef40f52d1a-744x1039.png,
,"Kha'Zix, Evolving Hunter",119/219,Regular,Epic · Unit · Official Card Gallery,,0,https://cmsassets.rgpub.io/sanity/images/dsfx7636/game_data_live/ac07031af5b35881d781b7a7d7b78c59a0fb2cd4-744x1039.png,
,"Kha'Zix, Evolving Hunter",119a/219,Alternate art,Epic · Unit · Official Card Gallery,,0,https://cmsassets.rgpub.io/sanity/images/dsfx7636/game_data_live/6998b6c309c93d549284638ff0a3e20c75691978-744x1039.png,
,"Rengar, Trophy Hunter",120a/219,Alternate art,Epic · Unit · Official Card Gallery,,0,https://cmsassets.rgpub.io/sanity/images/dsfx7636/game_data_live/7e6d106e0170e7f45341c1755f829f286d782bb7-744x1039.png,
,"Rengar, Trophy Hunter",120/219,Regular,Epic · Unit · Official Card Gallery,,0,https://cmsassets.rgpub.io/sanity/images/dsfx7636/game_data_live/8e159fd8aa9bb349e32bda6a10b0178cc28ca8dd-744x1039.png,
,Bewitching Spirit,121/219,Regular,Common · Unit · Official Card Gallery,,0,https://cmsassets.rgpub.io/sanity/images/dsfx7636/game_data_live/a771917dea98b137c3f4a13e4967dccf9ee445e5-744x1039.png,
,Crescent Guardian,122/219,Regular,Common · Unit · Official Card Gallery,,0,https://cmsassets.rgpub.io/sanity/images/dsfx7636/game_data_live/0ff22e9a517d029fd17cfbbbc93ca2f90c2c676c-744x1039.png,
,Evershade Stalker,123/219,Regular,Common · Unit · Official Card Gallery,,0,https://cmsassets.rgpub.io/sanity/images/dsfx7636/game_data_live/d8fb687ecdb22d7497ac55a1be0db0ba33596b43-744x1039.png,
,Isolate,124/219,Regular,Common · Spell · Official Card Gallery,,0,https://cmsassets.rgpub.io/sanity/images/dsfx7636/game_data_live/bde23f07e4869fa96b14fcab329e782894b1e1e3-744x1039.png,
,Lunar Boon,125/219,Regular,Common · Spell · Official Card Gallery,,0,https://cmsassets.rgpub.io/sanity/images/dsfx7636/game_data_live/7dc31cec93a355ba52b8cf2ca0b232a0edd57586-744x1039.png,
,Megatusk,126/219,Regular,Common · Unit · Official Card Gallery,,0,https://cmsassets.rgpub.io/sanity/images/dsfx7636/game_data_live/d073247bc2437443d8a9901f089632a15d11e7a0-744x1039.png,
,Mister Root,127/219,Regular,Common · Unit · Official Card Gallery,,0,https://cmsassets.rgpub.io/sanity/images/dsfx7636/game_data_live/c9bb7a8f5a1426a4af9843f2473ee6cc37dd24bd-744x1039.png,
,Star-Crossed,128/219,Regular,Common · Spell · Official Card Gallery,,0,https://cmsassets.rgpub.io/sanity/images/dsfx7636/game_data_live/0bfa45e6e86dfc256de0163f96273b761e9592fb-744x1039.png,
,Vicious Snapjaws,129/219,Regular,Common · Unit · Official Card Gallery,,0,https://cmsassets.rgpub.io/sanity/images/dsfx7636/game_data_live/99845de971eb165c7a6bb424050cd9a29b45b548-744x1039.png,
,Walking Roost,130/219,Regular,Common · Unit · Official Card Gallery,,0,https://cmsassets.rgpub.io/sanity/images/dsfx7636/game_data_live/d9b344b4b29b2baab0a1dc2e16a6e946192edaf5-744x1039.png,
,Abandon,131/219,Regular,Uncommon · Spell · Official Card Gallery,,0,https://cmsassets.rgpub.io/sanity/images/dsfx7636/game_data_live/89929cfa4417c99576477793529c6808af145919-744x1039.png,
,Angler Beast,132/219,Regular,Uncommon · Unit · Official Card Gallery,,0,https://cmsassets.rgpub.io/sanity/images/dsfx7636/game_data_live/68872e2119146768f8fa113376876fa64699297d-744x1039.png,
,Blast Cone,133/219,Regular,Uncommon · Gear · Official Card Gallery,,0,https://cmsassets.rgpub.io/sanity/images/dsfx7636/game_data_live/093799f1ad34084f05011f3b326d4d32d96849e5-744x1039.png,
,Existential Dread,134/219,Regular,Uncommon · Spell · Official Card Gallery,,0,https://cmsassets.rgpub.io/sanity/images/dsfx7636/game_data_live/0a197ec3bf96e10307859e2a152c1742288b2b09-744x1039.png,
,Insightful Investigator,135/219,Regular,Uncommon · Unit · Official Card Gallery,,0,https://cmsassets.rgpub.io/sanity/images/dsfx7636/game_data_live/3540a748211afd35b9ef4873dae0850c238fa964-744x1039.png,
,Scryer's Bloom,136/219,Regular,Uncommon · Gear · Official Card Gallery,,0,https://cmsassets.rgpub.io/sanity/images/dsfx7636/game_data_live/b10a544d24d3ae3e177d4791743bb2cfb742abcc-744x1039.png,
,Sinister Poro,137/219,Regular,Uncommon · Unit · Official Card Gallery,,0,https://cmsassets.rgpub.io/sanity/images/dsfx7636/game_data_live/7f2a623a83556bafebfbe7cb280bdedcfe116531-744x1039.png,
,The List,138/219,Regular,Uncommon · Gear · Official Card Gallery,,0,https://cmsassets.rgpub.io/sanity/images/dsfx7636/game_data_live/f35b49faeb444071445662c9af13710c00a4569c-744x1039.png,
,Bone Skewer,139/219,Regular,Rare · Spell · Official Card Gallery,,0,https://cmsassets.rgpub.io/sanity/images/dsfx7636/game_data_live/e06e3e3033640bc8a5bc98acd4e3a0925c6e2c9a-744x1039.png,
,Conscription,140/219,Regular,Rare · Spell · Official Card Gallery,,0,https://cmsassets.rgpub.io/sanity/images/dsfx7636/game_data_live/1c05bff48666586a2b3552b5638deaf20d9006f7-744x1039.png,
,"Evelynn, Entrancing",141/219,Regular,Rare · Unit · Official Card Gallery,,0,https://cmsassets.rgpub.io/sanity/images/dsfx7636/game_data_live/1cea41a2b9c3de59a1c95ceacc59950be1d01907-744x1039.png,
,Heedless Resurrection,142/219,Regular,Rare · Spell · Official Card Gallery,,0,https://cmsassets.rgpub.io/sanity/images/dsfx7636/game_data_live/92419d138824a7d46155b59f0e5903196d68d9f7-744x1039.png,
,"Kha'Zix, Mutating Horror",143a/219,Alternate art,Rare · Unit · Official Card Gallery,,0,https://cmsassets.rgpub.io/sanity/images/dsfx7636/game_data_live/b1e7f8762aba8ecf571eb0c83bba8874703dc8be-744x1039.png,
,"Kha'Zix, Mutating Horror",143/219,Regular,Rare · Unit · Official Card Gallery,,0,https://cmsassets.rgpub.io/sanity/images/dsfx7636/game_data_live/8306abc5ffce45add8c75c2e215162b2d1aed320-744x1039.png,
,Maduli the Gatekeeper,144/219,Regular,Rare · Unit · Official Card Gallery,,0,https://cmsassets.rgpub.io/sanity/images/dsfx7636/game_data_live/20f1b46435845de99987e37125e0ef7bd61c00bb-744x1039.png,
,"Pyke, Returned",145a/219,Alternate art,Rare · Unit · Official Card Gallery,,0,https://cmsassets.rgpub.io/sanity/images/dsfx7636/game_data_live/14a9712798a0b13bfa29ed841f171a21e7fdf035-744x1039.png,
,"Pyke, Returned",145/219,Regular,Rare · Unit · Official Card Gallery,,0,https://cmsassets.rgpub.io/sanity/images/dsfx7636/game_data_live/2eaa5396b1cac9b245bde5a56b87314f8ae76a38-744x1039.png,
,"Syndra, Transcendent",146/219,Regular,Rare · Unit · Official Card Gallery,,0,https://cmsassets.rgpub.io/sanity/images/dsfx7636/game_data_live/a3695d011175801aaf6ec5a6557b65b8d6341e81-744x1039.png,
,Baron Nashor,147a/219,Alternate art,Epic · Unit · Official Card Gallery,,0,https://cmsassets.rgpub.io/sanity/images/dsfx7636/game_data_live/97d0f7aa81f67bf8f4a19099c648a23a2df169ae-744x1039.png,
,Baron Nashor,147/219,Regular,Epic · Unit · Official Card Gallery,,0,https://cmsassets.rgpub.io/sanity/images/dsfx7636/game_data_live/59946969e8d21869c3ffe801a3ffbdd8165a873f-744x1039.png,
,Cursed Sarcophagus,148/219,Regular,Epic · Gear · Official Card Gallery,,0,https://cmsassets.rgpub.io/sanity/images/dsfx7636/game_data_live/ae3823d4109d9bbae8c7983ec1c1082ba5b4f190-744x1039.png,
,"Diana, No Longer Human",149/219,Regular,Epic · Unit · Official Card Gallery,,0,https://cmsassets.rgpub.io/sanity/images/dsfx7636/game_data_live/37b015a64b6bc15e856c2d78e275b10e64db1de4-744x1039.png,
,"Diana, No Longer Human",149a/219,Alternate art,Epic · Unit · Official Card Gallery,,0,https://cmsassets.rgpub.io/sanity/images/dsfx7636/game_data_live/d9082f75895c8645e05c0a38edc1b1c83c508d84-744x1039.png,
,"Vex, Apathetic",150/219,Regular,Epic · Unit · Official Card Gallery,,0,https://cmsassets.rgpub.io/sanity/images/dsfx7636/game_data_live/7f13b0216c5d805400bb64cf26cd119acfc6c5ca-744x1039.png,
,"Vex, Apathetic",150a/219,Alternate art,Epic · Unit · Official Card Gallery,,0,https://cmsassets.rgpub.io/sanity/images/dsfx7636/game_data_live/9dd2a50fcfe6258ef934bdcf73b2fdb19d18ea94-744x1039.png,
,Bandle Soldier,151/219,Regular,Common · Unit · Official Card Gallery,,0,https://cmsassets.rgpub.io/sanity/images/dsfx7636/game_data_live/e43b54f22e0a038ee1f94ba2e99f80dd89999d8e-744x1039.png,
,Black Rose Dignitary,152/219,Regular,Common · Unit · Official Card Gallery,,0,https://cmsassets.rgpub.io/sanity/images/dsfx7636/game_data_live/b63912e07914c3ef7e2bcdb95d5521fc26c880f2-744x1039.png,
,Carrion Dredger,153/219,Regular,Common · Unit · Official Card Gallery,,0,https://cmsassets.rgpub.io/sanity/images/dsfx7636/game_data_live/84d8b6d7a9cab2b78a465a8e0caf597f3ef5a175-744x1039.png,
,Crimson Pigeons,154/219,Regular,Common · Unit · Official Card Gallery,,0,https://cmsassets.rgpub.io/sanity/images/dsfx7636/game_data_live/68786cd39a886a586b401d6bf818a80bf9f9e2cd-744x1039.png,
,Heroic Charge,155/219,Regular,Common · Spell · Official Card Gallery,,0,https://cmsassets.rgpub.io/sanity/images/dsfx7636/game_data_live/944b89db8a7f7961a28e66ec4fb7d30bb863f324-744x1039.png,
,Loyal Poro,156/219,Regular,Common · Unit · Official Card Gallery,,0,https://cmsassets.rgpub.io/sanity/images/dsfx7636/game_data_live/860e1afc7364a002c6305ece7b6941e2e328d0a4-744x1039.png,
,Scrutinizing Sergeant,157/219,Regular,Common · Unit · Official Card Gallery,,0,https://cmsassets.rgpub.io/sanity/images/dsfx7636/game_data_live/18a034ba1f4eaf7204312ca68ffb413012f6cf6b-744x1039.png,
,Shepherd's Heirloom,158/219,Regular,Common · Gear · Official Card Gallery,,0,https://cmsassets.rgpub.io/sanity/images/dsfx7636/game_data_live/fadd95487f164f60c9ad08a457f11170c6afa420-744x1039.png,
,Soul Harvest,159/219,Regular,Common · Spell · Official Card Gallery,,0,https://cmsassets.rgpub.io/sanity/images/dsfx7636/game_data_live/baee7644d00219dfa4160d59e6f6e78e55f5e619-744x1039.png,
,Ultrasoft Poro,160/219,Regular,Common · Unit · Official Card Gallery,,0,https://cmsassets.rgpub.io/sanity/images/dsfx7636/game_data_live/36900508e2ce61196450a4bf7e27722ae36521d9-744x1039.png,
,Divining Shells,161/219,Regular,Uncommon · Gear · Official Card Gallery,,0,https://cmsassets.rgpub.io/sanity/images/dsfx7636/game_data_live/f2b626602f5db047b96cf9112474d42bf5b483e7-744x1039.png,
,Enthralling Protector,162/219,Regular,Uncommon · Unit · Official Card Gallery,,0,https://cmsassets.rgpub.io/sanity/images/dsfx7636/game_data_live/3fdfe3bc7c7f81b99aa715bf54b52930ad41dcfa-744x1039.png,
,Mageseeker Investigator,163/219,Regular,Uncommon · Unit · Official Card Gallery,,0,https://cmsassets.rgpub.io/sanity/images/dsfx7636/game_data_live/004c77c98bc5a6f679191a0d289b26ac13e84728-744x1039.png,
,Safety Inspector,164/219,Regular,Uncommon · Unit · Official Card Gallery,,0,https://cmsassets.rgpub.io/sanity/images/dsfx7636/game_data_live/499e65eb2d35e2bd774ea7fe2a70672234f71e90-744x1039.png,
,Shadow's Call,165/219,Regular,Uncommon · Spell · Official Card Gallery,,0,https://cmsassets.rgpub.io/sanity/images/dsfx7636/game_data_live/5a9a81d353131fc275313e737d55ca6e2661dce6-744x1039.png,
,Stalking Wolf,166/219,Regular,Uncommon · Unit · Official Card Gallery,,0,https://cmsassets.rgpub.io/sanity/images/dsfx7636/game_data_live/5f5f66caad21d59bf966ddc501bb4f9c84a595c6-744x1039.png,
,Starhound,167/219,Regular,Uncommon · Unit · Official Card Gallery,,0,https://cmsassets.rgpub.io/sanity/images/dsfx7636/game_data_live/085edeb9e6bbb0fb71ab902393eb48ea33a8addc-744x1039.png,
,Undying Loyalty,168/219,Regular,Uncommon · Spell · Official Card Gallery,,0,https://cmsassets.rgpub.io/sanity/images/dsfx7636/game_data_live/703b85f8284ed13865012289d03602e2cd24f4b2-744x1039.png,
,"Ashe, Focused",169/219,Regular,Rare · Unit · Official Card Gallery,,0,https://cmsassets.rgpub.io/sanity/images/dsfx7636/game_data_live/ebc033772f2005b7f39ba87ba9ea35f43df0da7a-744x1039.png,
,Atakhan,170/219,Regular,Rare · Unit · Official Card Gallery,,0,https://cmsassets.rgpub.io/sanity/images/dsfx7636/game_data_live/a0b3994aad6b6c64ace14193c1363713e6b6ede2-744x1039.png,
,"Galio, Indefatigable",171/219,Regular,Rare · Unit · Official Card Gallery,,0,https://cmsassets.rgpub.io/sanity/images/dsfx7636/game_data_live/fc3f1248dc4a02ce90ce172c3b3d5ec35e5f14c3-744x1039.png,
,"LeBlanc, Fragmented",172a/219,Alternate art,Rare · Unit · Official Card Gallery,,0,https://cmsassets.rgpub.io/sanity/images/dsfx7636/game_data_live/d18932d3dddd203c6f68f30279f3886ec2e7130a-744x1039.png,
,"LeBlanc, Fragmented",172/219,Regular,Rare · Unit · Official Card Gallery,,0,https://cmsassets.rgpub.io/sanity/images/dsfx7636/game_data_live/ee9f8d7a65e57c1d907edd4e5df2a3ea6966bff9-744x1039.png,
,Sacrifice,173/219,Regular,Rare · Spell · Official Card Gallery,,0,https://cmsassets.rgpub.io/sanity/images/dsfx7636/game_data_live/139153ae4b4f786442018c09765c67e35515df24-744x1039.png,
,Shard of Undoing,174/219,Regular,Rare · Gear · Official Card Gallery,,0,https://cmsassets.rgpub.io/sanity/images/dsfx7636/game_data_live/d167f4e37714f0f8983fce16a9c657bc7ce39642-744x1039.png,
,Tactical Retreat,175/219,Regular,Rare · Spell · Official Card Gallery,,0,https://cmsassets.rgpub.io/sanity/images/dsfx7636/game_data_live/cd5abf6c27f5faac247f6044306db3d710fb9d61-744x1039.png,
,"Vi, Peacekeeper",176/219,Regular,Rare · Unit · Official Card Gallery,,0,https://cmsassets.rgpub.io/sanity/images/dsfx7636/game_data_live/51610bbdecd77b15f58b9a968611e536ebdf445e-744x1039.png,
,"Vi, Peacekeeper",176a/219,Alternate art,Rare · Unit · Official Card Gallery,,0,https://cmsassets.rgpub.io/sanity/images/dsfx7636/game_data_live/6bde3fc4f76015d36d70e86c8fbcc3b6b7aa43dd-744x1039.png,
,"Ivern, Friend to All",177/219,Regular,Epic · Unit · Official Card Gallery,,0,https://cmsassets.rgpub.io/sanity/images/dsfx7636/game_data_live/e450956e0561ddca36558d095b71d3b60dff8b03-744x1039.png,
,"Ivern, Friend to All",177a/219,Alternate art,Epic · Unit · Official Card Gallery,,0,https://cmsassets.rgpub.io/sanity/images/dsfx7636/game_data_live/72462350a7842b6b81c022ac255ae0e82f3559fd-744x1039.png,
,"Poppy, Defender of the Meek",178/219,Regular,Epic · Unit · Official Card Gallery,,0,https://cmsassets.rgpub.io/sanity/images/dsfx7636/game_data_live/1a75c5322b2179e772af83b1fd16fed864c5bf24-744x1039.png,
,"Poppy, Defender of the Meek",178a/219,Alternate art,Epic · Unit · Official Card Gallery,,0,https://cmsassets.rgpub.io/sanity/images/dsfx7636/game_data_live/e171fc13d69ea7bafb03982cf0f8233d2830c1d2-744x1039.png,
,Rift Herald,179a/219,Alternate art,Epic · Unit · Official Card Gallery,,0,https://cmsassets.rgpub.io/sanity/images/dsfx7636/game_data_live/e8fe608bffa46642e454b0b34f7524c5daef299e-744x1039.png,
,Rift Herald,179/219,Regular,Epic · Unit · Official Card Gallery,,0,https://cmsassets.rgpub.io/sanity/images/dsfx7636/game_data_live/4da94f3af92222bebe7be49197ef8d840772d73d-744x1039.png,
,The Ruination,180/219,Regular,Epic · Spell · Official Card Gallery,,0,https://cmsassets.rgpub.io/sanity/images/dsfx7636/game_data_live/f1fea5bfad864f8d58b1b55b04de951285f6ad4e-744x1039.png,
,Virtuoso,181/219,Regular,Rare · Legend · Official Card Gallery,,0,https://cmsassets.rgpub.io/sanity/images/dsfx7636/game_data_live/d1e6947cf43a19488a2c31f71a4887aa0423a966-744x1039.png,
,Curtain Call,182/219,Regular,Epic · Spell · Official Card Gallery,,0,https://cmsassets.rgpub.io/sanity/images/dsfx7636/game_data_live/01496068d9a8d5567672d802bd008297bd1fe8cc-744x1039.png,
,Pridestalker,183/219,Regular,Rare · Legend · Official Card Gallery,,0,https://cmsassets.rgpub.io/sanity/images/dsfx7636/game_data_live/b3d3085f62aee993b9f5b80d4659a88439da83be-744x1039.png,
,Thrill of the Hunt,184/219,Regular,Epic · Spell · Official Card Gallery,,0,https://cmsassets.rgpub.io/sanity/images/dsfx7636/game_data_live/2753c2b3ea4fd55e5225a4451a29736b5c3434a8-744x1039.png,
,Bloodharbor Ripper,185/219,Regular,Rare · Legend · Official Card Gallery,,0,https://cmsassets.rgpub.io/sanity/images/dsfx7636/game_data_live/8ca1bfde8d898a11a6abc73bbab8fc7092b0dcb4-744x1039.png,
,Death from Below,186/219,Regular,Epic · Spell · Official Card Gallery,,0,https://cmsassets.rgpub.io/sanity/images/dsfx7636/game_data_live/17d93a11a252287e3b0f4bbe32722ecc9469ec66-744x1039.png,
,Piltover Enforcer,187/219,Regular,Rare · Legend · Official Card Gallery,,0,https://cmsassets.rgpub.io/sanity/images/dsfx7636/game_data_live/b52fca3d644599008c4b1a67ffd359a9f9c4d8d7-744x1039.png,
,Hextech Gauntlets,188/219,Regular,Epic · Gear · Official Card Gallery,,0,https://cmsassets.rgpub.io/sanity/images/dsfx7636/game_data_live/22755fc744a79fbdcce0ceadfe20d6d0a2b8624a-744x1039.png,
,Bashful Bloom,189/219,Regular,Rare · Legend · Official Card Gallery,,1,https://cmsassets.rgpub.io/sanity/images/dsfx7636/game_data_live/7e1554365120c5042947aef8bcac48a07445e9f3-744x1039.png,
,Lilting Lullaby,190/219,Regular,Epic · Spell · Official Card Gallery,,0,https://cmsassets.rgpub.io/sanity/images/dsfx7636/game_data_live/272b71b493575e38ff8888ec187cd33e54c0eacc-744x1039.png,
,Wuju Master,191/219,Regular,Rare · Legend · Official Card Gallery,,0,https://cmsassets.rgpub.io/sanity/images/dsfx7636/game_data_live/ed9af55066593b4ee738b9529b847f2f738078e0-744x1039.png,
,Alpha Strike,192/219,Regular,Epic · Spell · Official Card Gallery,,0,https://cmsassets.rgpub.io/sanity/images/dsfx7636/game_data_live/154940caa774fd8219625cf051ddcb230ffc7f02-744x1039.png,
,Gloomist,193/219,Regular,Rare · Legend · Official Card Gallery,,0,https://cmsassets.rgpub.io/sanity/images/dsfx7636/game_data_live/653e9b8fc4989bba59aa7ade4e0c33ffd5596e5a-744x1039.png,
,Shadow,194/219,Regular,Epic · Unit · Official Card Gallery,,0,https://cmsassets.rgpub.io/sanity/images/dsfx7636/game_data_live/690ee4937b3926810d8ed814afd14d4d9e98b13e-744x1039.png,
,Green Father,195/219,Regular,Rare · Legend · Official Card Gallery,,0,https://cmsassets.rgpub.io/sanity/images/dsfx7636/game_data_live/a2ca02d26c1e95db03690729bd31113bda7e4140-744x1039.png,
,Daisy!,196/219,Regular,Epic · Unit · Official Card Gallery,,0,https://cmsassets.rgpub.io/sanity/images/dsfx7636/game_data_live/ada85b2a6076b60933831454d02a21da3654362c-744x1039.png,
,Scorn of the Moon,197/219,Regular,Rare · Legend · Official Card Gallery,,0,https://cmsassets.rgpub.io/sanity/images/dsfx7636/game_data_live/b00d922d62daca19190e13149fe3cf725c900330-744x1039.png,
,Moonfall,198/219,Regular,Epic · Spell · Official Card Gallery,,0,https://cmsassets.rgpub.io/sanity/images/dsfx7636/game_data_live/2eda8d4bbee47857b1916599b5c7d5fa7ca400dc-744x1039.png,
,Deceiver,199/219,Regular,Rare · Legend · Official Card Gallery,,0,https://cmsassets.rgpub.io/sanity/images/dsfx7636/game_data_live/c17d29602d61d6702372fec4db44c6fb2a29e8a2-744x1039.png,
,Mirror Image,200/219,Regular,Epic · Spell · Official Card Gallery,,0,https://cmsassets.rgpub.io/sanity/images/dsfx7636/game_data_live/a7ef8a09c0297cd796c4e2dee15922745ede7417-744x1039.png,
,Voidreaver,201/219,Regular,Rare · Legend · Official Card Gallery,,0,https://cmsassets.rgpub.io/sanity/images/dsfx7636/game_data_live/a5db0b3340a189de1cf9d8174b11eb583f19ea28-744x1039.png,
,Void Assault,202/219,Regular,Epic · Spell · Official Card Gallery,,0,https://cmsassets.rgpub.io/sanity/images/dsfx7636/game_data_live/0b79108a9492fb34866cc63815b57bfab8a5aeae-744x1039.png,
,Keeper of the Hammer,203/219,Regular,Rare · Legend · Official Card Gallery,,0,https://cmsassets.rgpub.io/sanity/images/dsfx7636/game_data_live/ee1393b9bace7bfea4e87405b793bb5462305ed0-744x1039.png,
,Keeper's Verdict,204/219,Regular,Epic · Spell · Official Card Gallery,,0,https://cmsassets.rgpub.io/sanity/images/dsfx7636/game_data_live/90dcafd8ca6cedd534416232ebd29c451f12107c-744x1039.png,
,Abandoned Hall,205/219,Regular,Uncommon · Battlefield · Official Card Gallery,,0,https://cmsassets.rgpub.io/sanity/images/dsfx7636/game_data_live/7447b04d1e78192509e89e5ff3556368ea5c471a-1039x744.png,
,Altar of Blood,206/219,Regular,Uncommon · Battlefield · Official Card Gallery,,0,https://cmsassets.rgpub.io/sanity/images/dsfx7636/game_data_live/a17e5bb639866671772dc514a6096a5863712f71-1039x744.png,
,Amateur Recital,207/219,Regular,Uncommon · Battlefield · Official Card Gallery,,0,https://cmsassets.rgpub.io/sanity/images/dsfx7636/game_data_live/9372a1574aa077e8b02cc6f00a1add060ae3b520-1039x744.png,
,Black Flame Altar,208/219,Regular,Uncommon · Battlefield · Official Card Gallery,,0,https://cmsassets.rgpub.io/sanity/images/dsfx7636/game_data_live/8cd4edde3e59c8edc8cdcea626fc443c5ed6e1f2-1039x744.png,
,Dusk Rose Lab,209/219,Regular,Uncommon · Battlefield · Official Card Gallery,,0,https://cmsassets.rgpub.io/sanity/images/dsfx7636/game_data_live/fa81c474ff29b9d2c42dd4e64a5789bf793e5221-1039x744.png,
,Forbidding Waste,210/219,Regular,Uncommon · Battlefield · Official Card Gallery,,0,https://cmsassets.rgpub.io/sanity/images/dsfx7636/game_data_live/83dbc88d462da85be9398c790e88ff13da8637d4-1039x744.png,
,Forgotten Library,211/219,Regular,Uncommon · Battlefield · Official Card Gallery,,0,https://cmsassets.rgpub.io/sanity/images/dsfx7636/game_data_live/a7905fb94abe453f05a4108cf5424fd1ca50f6de-1039x744.png,
,Frozen Fortress,212/219,Regular,Uncommon · Battlefield · Official Card Gallery,,0,https://cmsassets.rgpub.io/sanity/images/dsfx7636/game_data_live/b5e33fdb4ddc8c73e03bca648862fc080aa8bbcf-1039x744.png,
,Gardens of Becoming,213/219,Regular,Uncommon · Battlefield · Official Card Gallery,,0,https://cmsassets.rgpub.io/sanity/images/dsfx7636/game_data_live/0497a44ab302ea055b6f1f0d00a36c8023ed2344-1039x744.png,
,Ripper's Bay,214/219,Regular,Uncommon · Battlefield · Official Card Gallery,,0,https://cmsassets.rgpub.io/sanity/images/dsfx7636/game_data_live/f6d0540edbabcdb7d5a6859ce2f820f744cb498c-1039x744.png,
,Star Spring,215/219,Regular,Uncommon · Battlefield · Official Card Gallery,,0,https://cmsassets.rgpub.io/sanity/images/dsfx7636/game_data_live/0c4fe88ffb5c1b02b58b2c6b4f02de441ac451d6-1039x744.png,
,The Academy,216/219,Regular,Uncommon · Battlefield · Official Card Gallery,,0,https://cmsassets.rgpub.io/sanity/images/dsfx7636/game_data_live/82646c995f3d0b897ce97f7b68c35f5fd9384b8e-1039x744.png,
,Trapping Grounds,217/219,Regular,Uncommon · Battlefield · Official Card Gallery,,0,https://cmsassets.rgpub.io/sanity/images/dsfx7636/game_data_live/234bb01e24892aefa024ae402f6ee7703ccdbbd4-1039x744.png,
,Valley of Idols,218/219,Regular,Uncommon · Battlefield · Official Card Gallery,,0,https://cmsassets.rgpub.io/sanity/images/dsfx7636/game_data_live/4191aa2fda9e754a7f5421edc94bd829f5795650-1039x744.png,
,Vaults of Helia,219/219,Regular,Uncommon · Battlefield · Official Card Gallery,,0,https://cmsassets.rgpub.io/sanity/images/dsfx7636/game_data_live/9fc7b9a8294665881eece0dacaf3fc70e39f19e4-1039x744.png,
,Pouty Poro,220/219,Overnumbered,Common · Unit · Official Card Gallery,,0,https://cmsassets.rgpub.io/sanity/images/dsfx7636/game_data_live/0c91b90d91c4f988aa9942dd9e06a634a66c6975-744x1039.png,
,Lonely Poro,221/219,Overnumbered,Common · Unit · Official Card Gallery,,0,https://cmsassets.rgpub.io/sanity/images/dsfx7636/game_data_live/82b7043ef6519a4c7e2eb7d45cb6ae91dfd749ca-744x1039.png,
,Plundering Poro,222/219,Overnumbered,Common · Unit · Official Card Gallery,,0,https://cmsassets.rgpub.io/sanity/images/dsfx7636/game_data_live/c6c996fcead364682a031f32948a084101d83493-744x1039.png,
,Veteran Poro,223/219,Overnumbered,Common · Unit · Official Card Gallery,,0,https://cmsassets.rgpub.io/sanity/images/dsfx7636/game_data_live/337f38fae6a4d801fc14abcda2a7d09c3e7e6ae3-744x1039.png,
,Mystic Poro,224/219,Overnumbered,Common · Unit · Official Card Gallery,,0,https://cmsassets.rgpub.io/sanity/images/dsfx7636/game_data_live/2fdb5e1ff9aae4137910fa59065b69ef17144752-744x1039.png,
,Daring Poro,225/219,Overnumbered,Common · Unit · Official Card Gallery,,0,https://cmsassets.rgpub.io/sanity/images/dsfx7636/game_data_live/9b097e8f9866788e0de2bfada48627c752d3e4b9-744x1039.png,
,Virtuoso,226/219,Overnumbered,Rare · Legend · Official Card Gallery,,0,https://cmsassets.rgpub.io/sanity/images/dsfx7636/game_data_live/47f10693258104e9373396165e335014bf5783a2-744x1039.png,
,Virtuoso,226*/219,Signature overnumbered,Rare · Legend · Official Card Gallery,,0,https://cmsassets.rgpub.io/sanity/images/dsfx7636/game_data_live/94fb0a4944da2427ce615dd2c311a2c9bc781fd2-744x1039.png,
,Pridestalker,227*/219,Signature overnumbered,Rare · Legend · Official Card Gallery,,0,https://cmsassets.rgpub.io/sanity/images/dsfx7636/game_data_live/9bfffdcab9899c4b0d94ab31d138edd7d2f8e4f1-744x1039.png,
,Pridestalker,227/219,Overnumbered,Rare · Legend · Official Card Gallery,,0,https://cmsassets.rgpub.io/sanity/images/dsfx7636/game_data_live/1f80a016015ebc77bd3d23ce471e364d70698279-744x1039.png,
,Bloodharbor Ripper,228*/219,Signature overnumbered,Rare · Legend · Official Card Gallery,,0,https://cmsassets.rgpub.io/sanity/images/dsfx7636/game_data_live/75ff8f0b0a4ea110dd4af5b14c23da804481387a-744x1039.png,
,Bloodharbor Ripper,228/219,Overnumbered,Rare · Legend · Official Card Gallery,,0,https://cmsassets.rgpub.io/sanity/images/dsfx7636/game_data_live/b4095d98aff998fda5a08d4c32e97a2a66ccf1e6-744x1039.png,
,Piltover Enforcer,229/219,Overnumbered,Rare · Legend · Official Card Gallery,,0,https://cmsassets.rgpub.io/sanity/images/dsfx7636/game_data_live/08c48ad82381bb5830a0b413d7a2f25dd2b20d76-744x1039.png,
,Piltover Enforcer,229*/219,Signature overnumbered,Rare · Legend · Official Card Gallery,,0,https://cmsassets.rgpub.io/sanity/images/dsfx7636/game_data_live/0febae9c611339d9ed65c7ebe43237b5ec42c9a3-744x1039.png,
,Bashful Bloom,230/219,Overnumbered,Rare · Legend · Official Card Gallery,,0,https://cmsassets.rgpub.io/sanity/images/dsfx7636/game_data_live/5099aa2938091dfcc54277877e320a7f83aeeec1-744x1039.png,
,Bashful Bloom,230*/219,Signature overnumbered,Rare · Legend · Official Card Gallery,,0,https://cmsassets.rgpub.io/sanity/images/dsfx7636/game_data_live/8d270600e9ec7472cbb51eb56ad0799b7be38c7b-744x1039.png,
,Wuju Master,231*/219,Signature overnumbered,Rare · Legend · Official Card Gallery,,0,https://cmsassets.rgpub.io/sanity/images/dsfx7636/game_data_live/ebc612b2bf6003be8019930e059f0ac119997bc8-744x1039.png,
,Wuju Master,231/219,Overnumbered,Rare · Legend · Official Card Gallery,,0,https://cmsassets.rgpub.io/sanity/images/dsfx7636/game_data_live/557e41d84ac36ffa2bf805deda159f45e0a815f9-744x1039.png,
,Gloomist,232*/219,Signature overnumbered,Rare · Legend · Official Card Gallery,,0,https://cmsassets.rgpub.io/sanity/images/dsfx7636/game_data_live/748c7cb9574c8805d7fdbaba0f2471af06cceae3-744x1039.png,
,Gloomist,232/219,Overnumbered,Rare · Legend · Official Card Gallery,,0,https://cmsassets.rgpub.io/sanity/images/dsfx7636/game_data_live/d044ea46fa38cff80c39fdb0b890dd7226c22b89-744x1039.png,
,Green Father,233/219,Overnumbered,Rare · Legend · Official Card Gallery,,0,https://cmsassets.rgpub.io/sanity/images/dsfx7636/game_data_live/d200178cde5075990f7ca1856675d02c4c2538be-744x1039.png,
,Green Father,233*/219,Signature overnumbered,Rare · Legend · Official Card Gallery,,0,https://cmsassets.rgpub.io/sanity/images/dsfx7636/game_data_live/76283fb4384cf39408489f35d00827e0d5b1f9bb-744x1039.png,
,Scorn of the Moon,234*/219,Signature overnumbered,Rare · Legend · Official Card Gallery,,0,https://cmsassets.rgpub.io/sanity/images/dsfx7636/game_data_live/9782a99fcb36b09adc5d97cdc29595682f26220d-744x1039.png,
,Scorn of the Moon,234/219,Overnumbered,Rare · Legend · Official Card Gallery,,0,https://cmsassets.rgpub.io/sanity/images/dsfx7636/game_data_live/8bd4006c34aa020211e501e3cb7ee14ab5b4c41f-744x1039.png,
,Deceiver,235*/219,Signature overnumbered,Rare · Legend · Official Card Gallery,,0,https://cmsassets.rgpub.io/sanity/images/dsfx7636/game_data_live/78a3153e914b2124cdc918f3134a8087b342caf7-744x1039.png,
,Deceiver,235/219,Overnumbered,Rare · Legend · Official Card Gallery,,0,https://cmsassets.rgpub.io/sanity/images/dsfx7636/game_data_live/656450f89be4dc253438a4e0af7f7638ed5f90b2-744x1039.png,
,Voidreaver,236*/219,Signature overnumbered,Rare · Legend · Official Card Gallery,,0,https://cmsassets.rgpub.io/sanity/images/dsfx7636/game_data_live/e3bff5dc4489376697823d056b42eba7b90566b6-744x1039.png,
,Voidreaver,236/219,Overnumbered,Rare · Legend · Official Card Gallery,,0,https://cmsassets.rgpub.io/sanity/images/dsfx7636/game_data_live/ffed0102adcae6fe01d173042487ea85ebe899bc-744x1039.png,
,Keeper of the Hammer,237*/219,Signature overnumbered,Rare · Legend · Official Card Gallery,,0,https://cmsassets.rgpub.io/sanity/images/dsfx7636/game_data_live/c2b3ae8c4beac316128a8b7b1704a221abedec8e-744x1039.png,
,Keeper of the Hammer,237/219,Overnumbered,Rare · Legend · Official Card Gallery,,0,https://cmsassets.rgpub.io/sanity/images/dsfx7636/game_data_live/41321ddb3b1c63492285d1c3d067ee42ade502e4-744x1039.png,
,Baron Nashor,238/219,Overnumbered,Epic · Unit · Official Card Gallery,,0,https://cmsassets.rgpub.io/sanity/images/dsfx7636/game_data_live/7e8d207a8057b97f9059ea6025a16e59229dc54d-744x1039.png,
